{
  "model_key": "OLMO",
  "profiles": [
    "constant_0.95"
  ],
  "class_names": [
    "constant_0.95",
    "off"
  ],
  "feature_set": "pca",
  "feature_names": [
    "pc1",
    "pc2"
  ],
  "n_pca": 2,
  "intervention_mode": "block_output",
  "standardization_mean": [
    7.205036152333726e-16,
    -2.3989118064797777e-16
  ],
  "standardization_std": [
    14.819273055107876,
    6.1721431697136
  ],
  "weights": [
    [
      -0.4805137913298256,
      0.0
    ],
    [
      -0.09587494560502381,
      0.0
    ]
  ],
  "bias": [
    -1.6493749506760034,
    0.0
  ],
  "pca_components": [
    [
      -0.08991425989784908,
      -0.07578818552107447,
      -0.08572104139491443,
      -0.0718823322513329,
      -0.08414793540388021,
      -0.08215541937265267,
      -0.06592980201114838,
      -0.0742269069647321,
      -0.08018028989629207,
      -0.062455445803316675,
      -0.0643710357693065,
      -0.06953026793856297,
      -0.08275678419420841,
      -0.09560286321537971,
      -0.05235503087523846,
      -0.0024460880750962776,
      -0.0193268585068627,
      -0.058740576170731765,
      -0.05300229590521119,
      -0.06635506957794722,
      -0.0780517316368837,
      -0.06585150974479488,
      -0.06260388482394064,
      -0.07739572893558203,
      -0.0733013479603553,
      -0.08449853773275673,
      -0.07064832756169827,
      -0.07088675221674555,
      -0.09167628679645387,
      -0.09152038005403378,
      -0.056164572965481746,
      -0.07164945413857192,
      -0.06107280669913097,
      -0.10534481269974189,
      -0.08955257270319884,
      -0.053534783816371175,
      -0.10135286038719851,
      -0.04820321309803314,
      -0.05830192216711635,
      -0.06055758534595205,
      -0.06416442748841654,
      -0.027254139484774828,
      -0.07910448221099853,
      -0.05686995530150181,
      -0.08052487627945307,
      -0.1012341785829119,
      -0.06684130347126858,
      -0.019576381522417283,
      -0.05528112175432431,
      -0.06156475948866688,
      -0.05765840685523011,
      -0.08773390680145546,
      -0.010429830051923064,
      -0.051128940735742714,
      -0.0450317209570594,
      -0.059246688342115335,
      -0.07376651142070216,
      -0.08417258500399347,
      -0.06327519492685967,
      -0.08507334703923553,
      -0.06524435201836444,
      -0.07516005231153254,
      -0.07568575067759949,
      -0.06815348522589772,
      -0.10376289361712958,
      -0.10060021613231039,
      -0.03944170694487298,
      -0.05028275228938527,
      -0.10168446604954617,
      -0.04630217443453022,
      -0.08052762305433596,
      -0.04655308718959883,
      -0.0764699685458278,
      -0.04902378276455697,
      -0.06098894314622813,
      -0.044851746563341295,
      -0.06860607125809666,
      -0.038185811422694116,
      -0.03461044859269291,
      -0.06278979842114686,
      -0.04283179685599782,
      -0.02001434321144848,
      -0.09587870299689814,
      -0.061913142918708836,
      -0.07910677656001282,
      -0.10152084411105573,
      -0.05620326401483073,
      -0.08233532685557338,
      -0.06309836048126469,
      -0.10130492278024741,
      -0.10660132313923597,
      -0.11346271643566262,
      -0.04153742124199384,
      -0.07566286123764018,
      -0.023196734150948813,
      -0.06249284186197772,
      -0.08617003137273276,
      -0.07051912439899119,
      -0.09161531379296871,
      -0.06302806108300794,
      -0.03810880078502626,
      -0.03919592775895871,
      -0.09010349153724552,
      -0.04620843804074286,
      -0.11322436581768022,
      -0.0956092448665131,
      -0.10201285772579964,
      -0.06196308847910263,
      -0.05388879917778729,
      -0.07046744474389911,
      -0.06523025701956776,
      -0.06347857212373895,
      -0.02055885982346277,
      -0.04011115106591442,
      -0.04006632970834576,
      -0.051855674688575555,
      -0.05677515521610128,
      -0.07585252097621815,
      0.002457387485393881,
      -0.0572206000575275,
      -0.08996853980168568,
      -0.06080821297776304,
      -0.05926983723728288,
      -0.07431786595945082,
      -0.03375526466856999,
      -0.06147883637341034,
      -0.06152810998917357,
      -0.08097230003758207,
      -0.0611427452243948,
      -0.03751830089830676,
      -0.03536337954460645,
      -0.03038648658380043,
      -0.11870237366138793,
      -0.029340794067056156,
      -0.05341132463064657,
      -0.0657828044906822,
      -0.08911860526355575,
      -0.0677678204847128,
      -0.10564193930305033,
      -0.031162197749789664,
      -0.013583086681226942,
      -0.06858622125973786,
      -0.04929966111368076,
      -0.07893915894866396,
      -0.07532073042556306,
      -0.02999172614095645,
      -0.06997911911803337,
      -0.0513973223701955,
      -0.06870759752233475,
      -0.0563539602381296,
      -0.055705511433526186,
      -0.05938565660477543,
      -0.07954495923212085,
      -0.06220391953328822,
      -0.07089519538158202,
      -0.03351208721382674,
      -0.07587135969274963,
      -0.07396711720632033,
      -0.06932518633898418,
      -0.06856357247492238,
      -0.023540989034355846,
      -0.057437183013194865,
      -0.02601254003959309,
      -0.07497060481456866,
      -0.07659039210584731,
      -0.07617983824801383,
      -0.02471924648384318,
      -0.043786987361155744,
      -0.07611422630021092,
      -0.06788157684253432,
      -0.11619293835044461,
      -0.07135539411890762,
      -0.06152873300830712,
      -0.024266035518370623,
      -0.018782238102352824,
      -0.04854754987677067,
      -0.030348927196743123,
      -0.061531204763037556,
      -0.051979046103714566,
      -0.025395327726739348,
      -0.04665401155284277,
      -0.05360223844800417,
      -0.049588599983320464,
      -0.029292835844492646,
      -0.05563424551971843,
      -0.05940870163196594,
      -0.04147159051679658,
      -0.03645984384502076,
      -0.05324495748587746,
      -0.06809564050817017,
      -0.05439651561372864,
      -0.10185932503758509,
      -0.03452405913031732,
      -0.057694185556904864,
      -0.06738423870426508,
      -0.03462361101597758,
      -0.06450246532462756,
      -0.06205828458750966,
      -0.07031317092028079,
      -0.03167011599537251,
      -0.05903021803548046,
      -0.03613219595398006,
      -0.055609893366948285,
      -0.062445525422148075,
      -0.06344097368794835,
      -0.05067226467306149,
      -0.02481665892165037,
      -0.025913955380719642,
      -0.05933558412856023,
      -0.026921027939211396,
      -0.042843844474640604,
      -0.06322245223504204,
      -0.04380728305193977,
      -0.043647462252745545,
      -0.08049547233243509,
      -0.038885219757518116,
      -0.031505893958565734,
      -0.04882388835985823,
      -0.04376209994997207,
      -0.04796928304016827,
      -0.03209665962913376,
      -0.04867805513413588,
      -0.06901031662420701,
      -0.061958304569437024,
      -0.03848181007859862,
      -0.045849435588415886,
      -0.03940787174860913,
      -0.04104175364184958,
      -0.037598515125435925,
      -0.11159228565460962,
      -0.03251747575501118,
      -0.03744221527773711,
      -0.02844058704231941,
      -0.05744671634238116,
      -0.0732928504076336,
      -0.06032344510342261,
      -0.02723272966876776,
      -0.0641806680249362,
      -0.047325447785703335,
      -0.05871611643364259
    ],
    [
      -0.0515082777968011,
      -0.059154447438995755,
      -0.07402259607798345,
      -0.020324938237656576,
      -0.05842952606392887,
      -0.04644101264243724,
      -0.044179548127706865,
      -0.0431430584855573,
      -0.05257971852085652,
      -0.05227350222423142,
      -0.02769552655259,
      -0.051226555759133846,
      -0.02715432598828626,
      -0.04701823171776894,
      -0.05418155864001067,
      -0.006611088756523875,
      -0.058495233008853814,
      -0.055996955889958684,
      -0.038876628956850755,
      -0.043926014381696035,
      -0.02017219636826368,
      -0.046671943829962,
