{
  "model_key": "9B",
  "profiles": [
    "constant_2.3"
  ],
  "class_names": [
    "constant_2.3",
    "off"
  ],
  "feature_set": "pca",
  "feature_names": [
    "pc1",
    "pc2"
  ],
  "n_pca": 2,
  "intervention_mode": "attention_contribution",
  "decision_threshold": 0.7,
  "standardization_mean": [
    2.191393484119935e-15,
    -7.362750077327206e-16
  ],
  "standardization_std": [
    11.401686346953257,
    3.297321685793557
  ],
  "weights": [
    [
      -0.5287941561159902,
      0.0
    ],
    [
      1.210299476024174,
      0.0
    ]
  ],
  "bias": [
    -0.3616584672630008,
    0.0
  ],
  "pca_components": [
    [
      -0.07739016106519776,
      -0.09492708300855102,
      -0.09750221296721445,
      -0.07111933109220192,
      -0.10369252478405878,
      -0.11585587404136691,
      -0.1094321927252619,
      -0.11496515144530907,
      -0.09338599400081725,
      -0.10312647123269282,
      -0.09957023395342793,
      -0.1078646722784728,
      -0.10291908916565386,
      -0.07302246794967213,
      -0.12172245368365604,
      -0.09169769314386558,
      -0.08411225661999946,
      -0.06741463030342917,
      -0.05282423396478698,
      -0.0762607595153162,
      -0.07333123441184623,
      -0.08588737554582807,
      -0.10468215982783932,
      -0.08750618693928863,
      -0.08798328778037971,
      -0.10407008925095687,
      -0.07701981411564579,
      -0.08406703234648533,
      -0.09279312168603203,
      -0.07826184722109701,
      -0.0864265349246333,
      -0.07976103333245538,
      -0.07609984834310218,
      -0.07386760642218487,
      -0.07874261714824025,
      -0.07891989688281054,
      -0.09462557320889008,
      -0.07643994148397976,
      -0.07021692482624389,
      -0.07984264328291159,
      -0.07955519883341805,
      -0.10663616197192001,
      -0.09543785186616124,
      -0.0796651429863503,
      -0.07267524005254303,
      -0.08734762330708155,
      -0.07538018011413328,
      -0.10630830769852734,
      -0.11754717770271945,
      -0.07761340818110181,
      -0.08024128690017986,
      -0.08689921025481362,
      -0.08116735616679684,
      -0.08489669591567403,
      -0.08755600821708401,
      -0.0728176834698106,
      -0.09261800536249444,
      -0.10504199476577064,
      -0.0912359962425029,
      -0.08109983184088725,
      -0.07634777485565813,
      -0.08176732938418363,
      -0.0939882919606398,
      -0.08152719379341049,
      -0.08919023165543814,
      -0.08548304437964846,
      -0.07163968838165703,
      -0.06640534690927255,
      -0.09025311654441426,
      -0.09440607786258576,
      -0.08528813761727241,
      -0.06928448655999801,
      -0.09826132717393318,
      -0.08799958120946824,
      -0.08656198568690569,
      -0.07849293895771726,
      -0.07996963424966373,
      -0.08030557687164167,
      -0.08907041003518366,
      -0.053790336610727706,
      -0.08668991368275465,
      -0.09934730268007201,
      -0.08901209546966483,
      -0.10461803867854412,
      -0.09730926481656403,
      -0.1032775554124647,
      -0.096961443706403,
      -0.09931642902923526,
      -0.08349194912945777,
      -0.06728854797746678,
      -0.08211728401458343,
      -0.09038824835242311,
      -0.0964522771310832,
      -0.10620537663281587,
      -0.07396956874169927,
      -0.06877599366235025,
      -0.10328155462320592,
      -0.07085195287967042,
      -0.0990867589635504,
      -0.0978311539642683,
      -0.09419844828129206,
      -0.09664685391555145,
      -0.09815388641321939,
      -0.11572560063556836,
      -0.09862087930532298,
      -0.10968580477224987,
      -0.10585812426109414,
      -0.0946891496833245,
      -0.08775987189203194,
      -0.06885352610435273,
      -0.08199698102673436,
      -0.09263208522716032,
      -0.09590573990249592,
      -0.10532269945575248,
      -0.09714634315554921,
      -0.10568701078026706,
      -0.10723142477377536,
      -0.1013465420400033,
      -0.08497816022026326,
      -0.10701488825468054,
      -0.04313708592436053,
      -0.0009833592142729543,
      -0.031042690016679253,
      -0.08948978182200136,
      -0.007959514590667781,
      -0.07303591190420414,
      -0.0418082372704293,
      -0.08076676955486084
    ],
    [
      0.02646319551426521,
      -0.0846473235947005,
      -0.053289380779712126,
      -0.036951570505479925,
      -0.24485373413920503,
      -0.12420312682598782,
      -0.09263412754229206,
      -0.1605913969378361,
      -0.08480587592163862,
      -0.1816954357076316,
      -0.1127175184475516,
      0.005409797808344659,
      -0.11739182627641025,
      -0.10736911722834759,
      -0.10383375258704111,
      -0.028148843847673046,
      -0.0328389911424155,
      0.05901874713110815,
      -0.06120651817624317,
      0.06105688464604284,
      0.10674132739929833,
      0.05633148400738822,
      -0.015975736544647887,
      0.007720983561106084,
      0.06957688085850618,
      -0.08733796973990186,
      0.006974629795746112,
      -0.2550146104661074,
      -0.0326537089892059,
      -0.008108792923885758,
      -0.003044325656953585,
      0.0497429770943782,
      -0.11743324832296935,
      0.008441550620423724,
      0.04369863178963322,
      -0.005641489033083935,
      0.02379936786852924,
      0.10265388271730795,
      0.11795111910132941,
      0.05907788839083799,
      0.12185243051125166,
      0.012393677889274644,
      0.1365198357988925,
      0.1025091574296528,
      0.038300909933761784,
      0.03132711331377504,
      0.07243927674205772,
      0.022811919066881767,
      -0.00015218624934942843,
      0.07057754227735005,
      0.0004529916976377183,
      0.012536737360046976,
      -0.177431447131016,
      -0.02242892715427102,
      -0.0017803202111653358,
      -0.008270020927240109,
      0.08374304821287515,
      0.01966711183049108,
      0.04756691039350839,
      0.034595163240067346,
      0.11930527144500734,
      0.1593625155607826,
      -0.09523159407367643,
      0.09330884272642555,
      0.033942849286650145,
      0.04186205110389305,
      0.0777318898568742,
      -0.04775882371275583,
      0.15643486899289766,
      -0.079513268427072,
      -0.2182521404507618,
      0.057165428769678464,
      -0.008142792696290677,
      0.005538436190349494,
      0.01452353603969773,
      0.020852531535403528,
      0.16793459178197068,
      0.038669534728793226,
      0.14753457708631912,
      0.09752136094497334,
      -0.00288412814324386,
      0.030465782876186284,
      0.03963978348364613,
      0.027911540265088106,
      0.04348359057525583,
      0.029468968607400052,
      0.0333316742984914,
      0.06832533924928738,
      0.07749914651724969,
      0.007936562632573991,
      0.014335626006976415,
      0.023310367260117176,
      0.057787342971869986,
      0.04023268433565156,
      0.12940747111127796,
      0.1229615478105471,
      0.022927590834548813,
      0.11738167794696389,
      0.043907603644348106,
      0.08228631040926682,
      0.017431896891144587,
      0.031083950502800713,
      0.010866229748571024,
      0.007889973101409315,
      0.022241940808849052,
      0.015890269457843175,
      0.07377737372955127,
      0.03982935339215589,
      0.04763194442777705,
      0.14933520149254115,
      -0.069108574644682,
      0.026968924512778627,
      0.003696293957276599,
      0.014364745657205774,
      0.005582861942116025,
      0.019036222245099783,
      -0.07616942801803644,
      -0.1224275233219943,
      -0.32100957782937767,
      -0.0853148452548395,
      -0.13052518747201725,
      -0.02193530830267669,
      -0.15393903073312967,
      -0.1428441767772799,
      -0.014152882594998226,
      -0.05115699495151686,
      -0.09169169467365045,
      -0.033972259128963664
    ]
  ],